{
    "theta0": 7930.028724161197,
    "theta1": -4449.624256924931
}