{"theta0": 6712.9486053196, "theta1": -751.8640264413553, "x_min": 22899.0, "x_max": 240000.0}