{"theta0": 8480.966554681116, "theta1": -0.021271757648460635}